ArrivalRate,ServiceTime,Capacity,AvgWaitingTime
8.754273217875904,7.062238492222022,5,44.668517222461816
4.301889214827659,3.498468121678533,3,36.2898129159001
2.5851522519471315,5.238627882468407,5,22.50925227542928
3.9837083727516105,7.9965155975062165,4,35.13055309116858
8.582423951850222,2.641970331794945,5,35.03067417842947
6.527576954745875,6.551256567594639,3,48.31954255852782
7.628142642742697,7.625999352146056,3,47.546124752666714
2.327752069853327,7.879419761918994,1,31.716615880775485
4.692804566884197,3.0862702249483127,5,27.56868470793658
8.413271766045035,2.2307903423207334,1,42.30211527926222
7.345524246975435,5.737339857190454,5,41.90269337035613
9.758003146043317,4.648117750856344,2,52.368549487300825
3.297453741078495,5.993881527314843,1,37.07909142182271
4.821442802770219,7.504844688859203,2,35.49588951497725
2.4387266163465187,4.705355915380813,1,46.6278896803285
6.864873420612973,6.010249533974296,1,38.26695150313826
8.254716942808582,4.952518795490003,5,40.95350895522506
3.589810741131983,6.834987314505132,5,33.82588865798557
7.725578848909569,4.917159113836764,5,36.39019944370859
2.325416345350727,6.500619361785931,3,37.938881905643036
8.70840926744535,1.1076171486989645,3,31.016614344227804
4.510013482192376,3.226787325479509,3,38.5074335067923
2.73889573113544,6.075817515449996,2,43.12957244712766
4.931571074134855,1.9530041989685778,3,43.87756961914656
9.820641459487527,1.837259859729018,1,44.32883678789034
8.555409672530123,4.461256553636865,3,42.3927721326208
5.779169997017352,2.7565571142596825,1,46.24551382233121
7.142771846498658,4.22527566755873,5,42.86510077188681
9.549495955704776,6.748474627461116,3,45.449391601757725
2.9925725084954813,3.2803828821229892,4,23.44987233461577
3.5031222387558962,4.080788798930277,4,30.370443641026792
7.856510033065173,7.170153129329426,1,38.45032971164205
3.72094087313129,3.6038793661624786,1,44.9912674942523
6.081906296994273,7.540942852961615,2,39.69527161025051
5.05821392003736,5.783679491675528,5,41.04574950377783
9.472053347909306,4.063700295740034,5,41.51693897068593
4.143312252832905,2.1957823117302957,3,27.76135055874111
3.6300586504217387,6.53533076765132,1,50.186702092949375
7.665339536301967,3.0764244857349983,3,39.154181588967546
8.886509899451035,3.574266686117567,1,50.2722489083742
3.2951028131002214,4.308417210130374,1,50.62694234396333
7.302304719457999,7.373125042208263,4,41.97385063441241
5.557703535814475,1.6710700513012369,2,37.79984180322188
1.8629747004811894,1.558812359533101,1,33.75230696980966
7.232416392799815,5.762114398500741,5,42.280213129461245
7.625022531457358,2.552564335987353,1,49.84646645780766
3.77643192105212,5.908166440567278,1,40.95802819157754
3.3149079557318757,2.2885257916009096,1,50.37002461514997
3.340955855621181,1.4647932983725462,3,17.139068398874787
5.646142325710139,1.2123581562158599,3,24.738537139555998
2.323250980936842,7.066686833787335,5,25.897914797697695
6.906611724193964,3.8563497742660227,4,41.17756501084719
4.816766604722905,4.298135828482025,5,36.72582177902076
1.023054841948957,3.02314596165861,1,41.45825034149131
8.715839716913644,1.8597848674897417,1,46.315246867354674
9.177045016170569,7.724120746879939,3,47.168592313167245
4.915568104253124,4.113821467793413,2,43.26805793176394
4.306415012400383,1.048311867769352,2,26.968662703621664
7.144377333023358,5.865949524582418,2,47.798057258890424
3.224498401204663,6.466612108015369,1,46.00393513589187
1.8732844747021704,7.246663239710045,4,25.643283876284688
8.449271805268195,3.8992267982716795,3,45.69211295420038
1.6742358780809674,5.929971804604018,1,43.65715501965605
9.04069820110166,3.4528808416916053,1,49.292657063571866
5.361602658615274,4.270036640343142,3,41.58688297302125
6.5949751700962365,3.163185828518728,3,39.883210249609945
2.455031864191442,6.865109824684311,3,42.75728566497559
5.702458146585764,6.572896283868875,5,40.63811851791534
5.642325189803788,6.169332608557103,1,46.15661995771266
6.222129683833027,1.2563872711732558,1,42.44570123257446
7.149889824187131,7.852011889843654,1,49.66379942936482
4.169891145367204,5.227167670523797,3,45.38615789078451
9.682610395425773,6.042045524999802,4,41.851147186534455
5.5011609321382045,7.6513563469858905,1,29.091235909419872
1.0560306521538723,2.8639915099084727,4,2.6803590806831
8.664100186940804,5.801243289378955,4,41.52416808891942
8.524622769393995,1.0342473190093753,5,26.14883872251243
6.957096338810224,2.4576572678759394,3,36.28108579918096
6.78393569156602,7.917017914234355,3,37.29874454111209
1.2276644685770521,1.1171840976619383,5,0.002402241332082134
1.575848935252774,7.395576100751375,5,30.398643488352565
5.1581547282839875,1.5913753092354068,2,35.011467025594044
1.8732519657781697,5.651805492122927,3,32.47487327329074
7.862300397003316,1.6368067036206784,3,36.253737886148855
7.414024343257198,5.937235476820154,4,42.44636513815554
6.946221612818068,1.8102751922912796,4,34.922777011282975
5.934143613090023,5.665113321766728,3,35.126730100050864
8.590121709041348,4.5272107510694495,3,43.24083963035631
7.770153202169402,7.448626764688982,3,41.116385310185734
6.2467919242616,4.259869378207918,4,41.25435578136202
4.972812266868368,5.670041783270736,2,39.19181036956358
1.3198198309392595,4.497772802409813,1,33.83337429449713
1.128752686398214,2.1217952973356815,4,0.5409577328109754
9.29657813393231,5.068039087633919,3,42.39327391885485
7.304239723142463,6.504603564569637,1,36.82703072506047
1.4056101690825424,1.3158452902296514,1,30.265507380108165
3.1968561253715166,5.004059626293054,1,53.81076417492884
1.4830050376239308,5.530117071777913,3,30.963150562877942
4.148373948539016,5.4557856927266055,5,30.610489853020216
4.456466983667994,5.743731962019956,5,37.44731149859007
9.595640913456489,4.961476750884609,5,45.886912515460736
8.112823258962749,3.3102737061937986,4,38.756081723001955
1.0909127994730734,5.487140923003576,3,12.06922726137919
2.5204177984104437,4.061929599991602,3,24.039979153098514
3.956662243984737,3.7011471269098775,1,57.65744103804551
1.9541968857889591,1.8600264372026563,5,0.09868835694461434
2.9761139507950984,4.78272007682015,4,34.45810257147318
7.555211115831375,1.8032457287661205,3,41.58888966283672
5.139941036814816,6.467345289360348,5,43.53563559948878
4.1372862392130285,6.490655183481431,5,40.10436323705773
1.0492552270870972,3.8539068539670103,3,7.638624802902103
7.569265120695875,7.1966867921684194,5,38.08850719751384
9.41930000248264,1.124233566403114,3,36.16774457467826
6.799417539564695,4.246760193219057,4,38.07033947826104
5.740906049495095,7.750425331623209,4,41.340777069537324
2.4341790733149353,6.509926945807112,5,33.64792941277416
2.017244430166415,7.534986854762508,3,41.08100040584045
1.4969165087651408,7.587121797509115,4,25.759887945376295
5.544481956458884,5.055310490744684,4,39.39708473399029
2.807079074503842,2.9527021955591395,1,38.695094669261245
2.8732928414238765,2.0099441040987207,4,19.54026564776221
3.4495504002250295,7.050893807898585,3,37.64818429957388
5.8721365969331245,6.98695897932538,2,49.14734697008172
3.544779263392433,5.839492350195267,5,34.80348359679911
2.09653412245087,5.624099919059396,1,51.58690745008649
4.307685721573847,7.272016470910469,3,49.320902349431584
4.962359141648658,5.624103043034178,4,40.546311842156335
9.936658608121254,3.3537215592511425,4,40.409002684518036
7.997761748745352,2.7703498266447526,1,39.320863343782
2.7645741700774087,3.624374655431169,2,43.512707383527584
2.1479104728826073,4.171776672226311,2,36.34667448659453
9.753966371836004,5.1110701496401685,1,45.63849289006196
3.876554547476956,7.475897466425284,3,45.56890408822127
1.2531738867703355,7.00523337856069,5,15.730159816230223
5.504506225594007,1.6295603036892632,2,36.956771548880354
9.963066912955627,4.1824452795644325,5,41.979022367416675
8.880046583697897,3.571121248678878,4,45.743190639324425
3.692373120688166,6.360666443828703,5,43.2045130944956
1.449101732581152,4.99030728329238,1,39.300279449341005
3.2540951632009576,7.46217948769943,4,39.0617642130472
9.743400483015554,6.110994783917862,5,46.41594751171715
6.5597900026188265,7.226983578175306,5,43.72116076138233
2.7537637154293075,2.4306155025426133,2,33.82250713953301
6.9001258788328865,7.581181946136132,5,44.47465023212357
2.714543837427381,6.5053721015432195,4,29.030371175142438
1.525965633986135,7.4123352825308295,5,27.05998775157799
6.39638779674213,4.698417674508857,5,37.03744978081028
2.040706971079724,3.301206846526224,1,33.70599080458195
8.198530876595932,3.91232420240164,3,44.02377615025455
2.5124870430864275,2.2473163555393274,1,48.22010625775843
1.9134322224638187,5.527040135989331,3,36.155460051212174
8.438514628081258,6.307357812192887,1,39.07331316209796
3.9310560329451096,4.236437549453381,3,38.85033367273837
7.981716236303553,6.699370190506588,3,40.875217045025735
5.816618175051412,4.215787002278274,5,36.01077750569573
1.7165690752359928,1.9800352027081094,5,0.21458444272540464
2.139212084428343,2.6224012887623376,3,18.995927685866565
7.246240306559929,2.680471822915149,1,51.243175503269114
2.308274884958863,6.250240774874652,1,32.56678704193314
8.972801283600402,4.620512630070481,1,46.01952219089847
8.473168080257043,5.668344232020456,3,46.25019557760629
2.6006448008970664,4.426048258988521,5,27.269580238414754
6.889212614417658,7.870694298070665,4,44.56912111097987
9.537353523422283,6.653977698488393,5,36.9794525895513
7.216661965598258,5.383764245757755,3,47.535256241184705
3.4504749563104595,3.5998676930529516,2,42.75085152607085
5.059106571735969,2.3442955818647757,1,45.24685556204407
9.390918441873657,1.5099412421057516,1,49.742884923337435
2.181137718409362,2.5007379346339054,5,1.7741911048728223
7.077738352030579,1.620570592443659,3,37.67995488086263
2.835212429833136,1.3672668776727757,2,22.264454452683513
6.5740857285909415,4.269446324380988,5,37.85930465910476
5.518354614979397,3.115703626459622,1,39.08907694751893
7.15290166992411,2.3919471760916293,5,34.383537614459115
7.35299417677855,4.400527737748249,4,44.51515430723719
5.154720188164901,6.277071056695288,3,43.37916328495134
9.990645640118704,6.708433239169849,5,45.01986109125621
1.1227069073611147,1.7471937020376171,2,1.5512081738210697
5.007057803109436,4.62737099870556,1,51.42777930401382
1.8032538994480958,4.74939579838157,2,37.67103573814583
4.809935984250981,2.0570732878673508,2,35.34928695590426
1.5800656309695138,3.6310595549485223,4,12.225119233909881
8.235672373677172,5.610867788199133,3,40.21001994543919
5.339201379205685,3.3880112913078415,2,29.656354058345585
3.280382082215935,7.784365924688884,2,48.44559368115996
1.396422535961284,5.637133567431461,3,27.444520551598533
2.8531062814077046,3.083218344168105,1,41.082450343398556
8.497941719486743,5.592798139182919,5,39.290750840385854
5.85241539755689,3.2994744471776714,5,38.133614898820866
2.6591934178561285,7.908808600051538,4,34.90111879422841
2.24300555107005,5.618133284141022,1,36.68033997560662
5.247438774815552,1.7117695829139146,5,23.31177446925694
8.379508881835331,4.019395167792741,5,39.79310003484892
5.846680728035329,7.8044602814575095,1,54.70415158233275
8.78004916178752,7.877347434562055,2,36.209111636441364
9.691175127163751,7.50360616808226,5,37.02101656402619
3.4217351891010748,2.7091326612313864,3,32.025024921845834
5.939258405385154,1.2851636566935023,4,24.479697032306376
7.576630880740618,4.276532687861666,4,41.78191875262695
6.445080328279549,5.909318036059818,4,44.389707614495336
2.959668732495484,3.239918698363319,1,46.69110871123377
5.743473409013334,4.918103265257222,2,40.71731477684226
9.544110720986072,6.306066524978135,1,52.388207467973665
8.7346674196605,1.6808408530685601,1,42.211373969290285
2.3413240916579348,2.730776727938261,4,11.848878726123152
6.443039274481856,4.0886557401924,3,46.14413427943157
1.9305480004201654,7.167568575767694,1,35.349986195012704
4.199174280491217,2.1563815414690493,5,16.55606211727565
9.848976312425943,2.632655670697926,4,44.04996498411745
1.6333964278816018,2.866246716197147,5,2.4962061276091556
9.885307028099065,3.9806590963826487,4,43.42345421982638
2.1129451565540984,6.113478809276077,2,45.235422915717756
7.002364279999003,5.8242947300828005,4,38.04291975044033
6.58422465473315,5.245638489148659,2,43.80431506744183
2.6991058271693253,2.470480100463196,5,5.816405041522061
9.673229764119457,3.4696202266677627,4,36.88666892771361
5.275408065839583,6.730056477804323,5,35.601633562292704
5.87876937752784,4.26142583321781,3,46.525627581306274
6.54069439521726,5.130619641110347,5,40.847751854447544
7.479152451458454,1.9287682338702408,4,38.1030729574422
4.800244460470903,7.285237129314613,4,43.883875713807235
6.959869417620213,3.7171642687199284,5,35.82416210517581
8.41149654693141,2.954101691316248,1,42.019306117861554
3.3195230937529825,1.4451847319010014,3,17.920891825301297
9.029037624969243,1.1041891498776537,4,30.232074483506757
3.8791265107428026,4.646355793973495,5,30.1012343516662
3.4426108891282228,3.656149611413645,5,29.620589716104845
7.738431010807877,4.839964635384545,3,45.62275125107258
4.266217476047359,5.989505817613798,1,46.8015504625671
4.519027743157309,5.02724745010477,4,40.05988242524742
7.001152005754286,4.879560708718763,4,46.22508415192889
2.6074909135593187,4.367043597103439,1,42.44512972199434
9.77021215803312,7.360104730913984,5,42.66510230031534
8.421762618658285,7.981512383343558,4,48.1870640655824
3.602724602137447,1.7518249734228217,1,38.274249265531594
6.1422901156068885,5.3010412499171755,2,49.0675807289291
4.3991874578654375,6.0979640605307,5,39.71161023354703
9.788211579361183,1.8038301905787806,3,36.035759599721075
2.2062552839060325,1.971606430572647,1,38.78155478935186
6.7178635465248515,1.6619255724944368,3,36.8662712009673
1.9740191916196015,2.5972793901276017,1,38.243450484698315
8.721470905560405,6.953220683280432,4,44.42036852869633
8.914049599344544,3.477623543319885,2,50.96654925357169
9.802295190224855,4.98758876826728,1,49.0308236084896
6.71954619989265,6.8921334177097,4,40.34659965376572
6.7895222076536506,3.2901159258895407,1,41.58124897935311
3.294066701517123,2.6756009545483015,5,20.181650661197686
6.929259746454104,2.1303923972182135,4,32.09748400979832
4.408837877961123,2.6589263180228797,1,38.80398670995154
8.694100015772001,5.225688549787436,1,32.83773103260214
1.3480474661321444,5.336677497430855,1,48.84412570521328
3.964326928097694,4.036211350244738,1,47.98536496121062
9.512274435970873,5.882219080459749,1,39.37934796838909
6.123985151138539,7.403758480832971,2,57.96215720685674
1.3627172020987843,7.266802649659931,2,42.85551289275611
7.734997182049119,6.496620276307779,1,47.93489377195523
8.341137707730411,6.678687529529506,1,41.91641390150964
7.018222878247053,5.974543784398598,3,44.39587084719596
9.03009032245954,3.8305666615266603,3,42.77876491241112
8.080637242151187,3.677458319257578,3,40.66406732231364
3.1317131461734253,3.436451888868312,3,27.969267916280756
5.019761294741626,7.190549846775482,5,39.17190373439136
8.554486955664519,1.777901959930785,3,41.751777251274625
9.206777938317128,2.3057648601438725,3,36.14573286193406
6.706079092420846,3.1541859180271716,3,44.81149302273426
6.0778158669013305,3.657350779150902,3,49.32039039635553
3.129138443081097,4.918540568522279,1,40.50439543058853
5.5714890886633865,2.6024441876343327,1,52.558925672406076
3.4317989069735786,7.391492704932459,1,45.43194479916886
5.874612607367695,3.4113071462969664,4,38.826670653196594
8.672533354756679,7.747432334524042,5,38.810630239749926
3.5288752982258345,7.22143932975248,3,39.546512049792305
2.21952826073087,1.6312494998281517,5,1.638803301772696
1.5220607687586976,5.199791371206663,3,32.02621193057826
7.155600061093292,4.785751495495813,2,53.47586981087197
5.010830107121777,6.811532399075401,2,48.039660626474756
7.429856992957489,5.579618414525513,4,45.61317418801125
9.161578920714703,5.522104414919238,5,37.691891724968436
7.952343100224167,2.1259988271139543,4,42.06779277142402
5.5142276771643495,3.863838553911461,2,44.79264775855748
8.29430601955513,3.6660382546002106,2,43.35217039026751
7.802141224743755,1.1992665976481995,2,39.82527034071136
2.112432408324837,6.967487752062999,1,39.11970308353091
8.089019784916344,1.0420520575426757,2,40.321650476848966
5.996548744570825,4.718180981818108,2,46.0838346826917
8.932683669016475,4.949303506489828,4,45.10625613974999
8.130576770709826,2.532237174904486,4,39.843927113563616
3.2239335241842113,5.282569326424811,1,53.422864942721915
6.8690805958803205,1.3702171825398408,4,26.549390497447693
1.5799594427787023,2.256584616210096,2,31.522284924587844
6.479882381019138,5.0872211500510485,1,38.54994830952584
2.921501693480215,3.8053466808212137,2,42.90106504045742
1.1042452934139995,4.987720540225746,2,24.767597103216104
4.733647980367519,5.647867237937192,1,26.81705683167596
8.307557639770886,5.278912561725565,2,42.02442910133699
7.9235749982629535,3.8150402078745023,5,41.84192989486176
8.941696702545642,5.493782126413921,5,43.01832818405058
1.8141667546438922,2.6247537233601816,3,18.031715877300893
5.896320847979163,2.4795147243901496,3,42.496803808731656
8.37940115571503,1.8813980293095203,4,32.0470658623712
5.638120861561628,1.7021490819983383,1,44.0380526589788
8.078126842598687,7.072556572068716,5,34.63011809967579
9.480551191170251,5.764106292080708,3,37.31210318940132
9.03844605056856,3.5764227766646757,3,43.489514697615974
4.59505651253045,5.863728138575898,4,47.03119212302787
4.532503169701723,6.342098514612093,4,39.72671808007583
4.935392922850548,5.381870665880416,4,43.764758054401234
8.702445629876367,4.878019277425915,4,40.919787979094686
7.008378302117669,2.598767604688658,4,39.452531628060285
4.161821278618239,4.398965401247162,3,37.19396186001938
7.587455239762759,4.676670709637785,5,38.067153447913746
7.418160114335083,3.444111145580225,1,46.702822808238494
6.588343614950915,1.4157507858200828,5,24.964301248911468
5.0977311077637015,7.3602763958757205,5,45.32874702354915
2.2191980521611763,6.794307352392239,2,42.99806558164645
5.048659431849444,2.48659785611563,1,48.42608349335724
9.542635582560308,7.111905001579762,1,43.14513687609297
4.848768595320154,1.9730573044292616,4,33.24680908631064
9.060954270218122,2.644840298779942,5,37.279880895776444
7.6390993564260965,3.974812023782156,1,44.81845498955309
9.050444233937304,5.264446145331723,2,37.6237984952943
4.296804733292269,4.2197876514883985,1,46.875670270712654
8.277331155558997,3.3666892702489233,4,42.16420432533412
4.426344945690201,1.141772896776467,3,20.51534779519587
1.1135336155906161,3.210137470400556,5,0.22680468706144397
2.150983690986219,2.3173820996327956,4,13.49959853669023
6.7999555123523825,2.624217140900336,4,36.0090036265452
7.832207371446656,6.055426846363736,5,39.2456199467207
2.5300777792795834,6.90848494784637,3,32.136593041279106
8.663950025673344,5.144141172837137,4,38.062636056599096
3.779766234589434,7.778379932574694,5,38.25028802672552
3.0820327507298524,3.056633556594563,2,33.493685273893355
1.0242182108990545,6.897162266819244,5,5.922692378584153
7.596672860565405,6.161385735656774,2,49.02018626810684
9.043185957481873,4.829100136753813,3,40.91082800903433
4.329482623502706,6.363089127229098,2,44.802715893923946
9.369996605783685,7.35288361992893,3,39.21754170141458
7.644559745535324,1.1840539143538784,4,29.275654406346636
7.21880315053475,7.080355114074683,1,47.534482757588805
1.063413736298867,2.7753207218372995,3,7.263123349377211
1.675430790153445,6.674963559529809,4,31.85762310867604
9.047880103769486,5.120780143257209,2,45.443621540230005
6.684111401006026,1.4030933365318166,1,42.75317531717955
4.751649617290669,3.022786002877609,3,40.06675764742001
2.6325925047733327,3.047937814101356,1,37.86202807603806
9.486906333325393,2.939901313099623,3,39.757512798629136
3.18294044346766,4.818289589445282,2,42.63329741463191
1.1922762234995063,1.3748041236698236,1,19.129463439449925
1.18743585781244,3.8179013434353415,5,1.3190280317714616
7.2934153663580545,2.0018967913020904,1,53.42702217617177
5.35212500398137,7.651920513406487,1,50.505590968730935
4.3463238564965785,2.598003213497715,2,35.69105565037414
1.7362272191953316,5.742631736866344,3,33.431551431579436
7.5794254183197864,1.530565249724247,4,34.05486822913049
5.41679929874135,7.298450424895975,1,51.17029266159159
5.477622338676738,5.49910929524385,5,37.50879540053464
8.263537017337276,4.882647669882964,2,38.752706486846
2.3196009487078673,6.3288127780899375,3,37.594674021689094
7.6931415932570175,4.690005786699092,4,47.151838828908495
8.707443152765508,4.271978844688368,1,40.87735183317171
3.137909151265988,7.247426600801516,2,49.545525095658995
2.917941054308828,7.675094121711838,3,45.24324859315769
1.7709271371255402,6.018162947632631,3,26.577878742179934
1.0993527991070966,6.7232997341801175,5,9.810195322817982
5.465038109378906,1.2340017634805482,3,30.306398470118587
6.852790087719328,7.700033398356705,5,39.809114393004684
2.0131084747286803,7.650825940965234,3,34.57964727291537
7.273056907988113,3.2278487985101703,5,36.131040849293576
6.873467532498898,6.282221178849479,4,42.08286087236393
3.2278923164750166,3.2606570648070865,3,35.66692994481135
2.6203505384126733,7.613618965838989,4,40.067579506704064
8.286804972867511,7.174656693608032,4,45.659088705068136
3.0802733053695093,7.223300545260955,2,35.61522137325372
1.4739449596535183,7.010609123230637,4,37.48731088746652
5.9674064080844715,2.9074801942572623,4,35.92801107758278
4.414881701350653,2.4679298433671795,3,35.768312291511506
6.235216835167964,1.964764766485181,2,38.81595851420579
2.934913630633117,2.7999562239255225,1,37.02461035247664
9.38250611040164,5.10743663952049,2,50.1953809294995
6.4014391262346155,4.983432396261085,5,39.91252457452526
7.3760524807023256,4.987912887452442,5,42.14902929209136
2.6735218115575963,4.815614690713662,4,32.070363760567126
1.6696541922688675,7.104730010607837,3,28.348595667972283
3.414943513758117,4.603693812497793,5,37.788389104680064
9.162818858243915,2.790546395413634,5,37.64632365100914
4.124432825261882,6.782302852934633,5,31.79501228440444
7.783994475998271,2.1758020446326847,4,35.85161712694259
5.766664653548187,6.161685321416628,2,35.707630960960635
8.705648509727006,3.476181854813407,3,39.91537137430775
1.5874459574382263,4.039149865790575,3,27.168446420655076
5.78520485609623,2.9779447260754845,2,41.50982620333733
3.861603618258039,2.357225392941956,5,20.37357025847956
5.1828289654983175,4.065181658386681,5,39.56289455625465
9.344449483983663,1.6147016731126724,3,37.7655060316502
8.655767397563373,7.352560864262123,1,55.18554967635308
7.152437790495033,5.910605250696752,3,43.09107785983983
9.529069875343465,3.678773108492087,2,53.07002665745024
5.299293952530582,2.6247345515728,1,46.81533020459162
4.65336253323254,1.55931202944844,1,43.81668853006757
7.27356607304591,2.291205618386722,4,34.12459864329362
1.2237494754522626,6.01641699035266,3,25.511870768264128
1.0884746560352954,1.1800270671055644,5,0.0
8.999299717054734,6.150945295633508,1,51.91852802625123
5.7963814812315615,1.0072806090869406,5,11.735051620578146
4.4342187125772625,3.480602884626336,1,47.205453613938566
5.44360750826676,7.086866880771066,5,35.59024861340459
9.847029453679086,2.075326985892377,2,40.94675395284421
7.738997380272599,5.39775522054429,4,44.70250524839289
5.985919417821325,4.28749964520223,2,47.265727046603914
4.180518451886515,3.872602805963982,2,46.198328497476325
9.213309624665929,4.1282012519666225,4,38.66188033811104
3.1387560849975245,5.628798005458396,3,42.7093965049475
3.502555057977308,2.6944201705464184,1,44.59023196641621
7.140216900904242,4.869769121347662,5,36.983318636258005
2.7779160464862143,2.3887156420503635,4,21.076504364374152
1.1963109211940832,5.365697364181925,3,17.018898996186557
5.257349669059561,5.573556301278317,2,50.24149242267074
5.619795298053599,7.136091421423203,5,45.35228313973252
7.5849561955279565,6.234379944459855,3,47.82880347121665
5.283490911959262,6.153272556781721,3,42.69234962194901
8.91475837296248,1.7277530321027115,3,41.694872626291634
2.1614926652770774,5.0269579201149845,5,28.500037044723083
9.433816482035052,3.428547529579242,2,43.27705315763344
4.470383040527432,4.555949600018055,5,38.46189039896632
8.54980668278521,5.338036192244183,2,38.64965593183967
7.255848504531896,4.972697409636802,1,49.572452051316674
2.8985840972568178,1.696879258509345,3,19.62300358822887
3.4871592843980133,5.107971087062598,5,40.31191144774163
9.405979803121776,1.2977084235126661,5,29.993499515641048
2.11036353131858,2.708158534943742,3,19.368679471675264
2.074034126792233,7.073534014925988,2,43.749819084544725
8.934633658048117,2.333708530207998,1,41.18138942237822
8.183150079965893,3.2995360014961577,4,43.490774285708206
9.149392631768272,7.151318682073795,3,49.32287587533322
1.4475955273870607,3.2015623536176907,4,2.5314438933564554
8.870418792618956,6.188423530182664,4,43.315323965739424
3.097271772255418,4.756713232491775,3,37.15276861693401
5.8822174553393936,4.115737151683941,3,40.39457891441247
6.159060424041593,7.894805350466275,1,51.3159285843134
5.283800300968904,4.054777209203683,2,45.00842967957045
9.665921196023277,1.9621897584875274,1,46.20700517936671
8.326984191613217,7.578794542201651,3,43.618528515829425
3.565600848269318,5.436436275554667,1,44.63576757450483
8.404633185001938,3.0264113800309556,5,37.152758388115316
8.863882819435862,6.237131361340905,3,42.73568407528888
6.549269173885959,1.130286529634287,2,31.09844575038294
6.088003902446159,3.76811646794663,2,42.593042994825296
5.148509247107691,6.820029381647052,1,39.48780588408644
5.530056019105796,6.887494183294541,3,36.816901668912074
7.125875229964053,5.8559365007152495,5,39.10164676154774
1.0658677870887516,3.4494759730438487,4,1.5699903941193167
1.5651358274478355,2.8135544349962327,2,26.66538174898938
5.653061265049873,5.900672922406231,1,44.28015965625002
5.5658768383945505,7.921543447031253,5,39.66064526037754
6.0165900112247375,5.830665141070132,1,49.379597923256306
8.969847914793924,5.574701930242254,4,47.8668487551155
2.738423168396257,2.5476297400562244,3,27.157061285657814
2.605659064543743,5.943342502144637,3,27.083231015406792
6.8057708027996355,3.004578192107381,2,48.86251883902993
8.836305426723367,4.142096174236025,1,52.88411486437466
8.038522101734483,3.265136941963184,4,40.47824666743267
2.1886023355186106,5.995992222490522,1,29.549757903613546
2.663789853081485,7.627566444594998,5,33.40292891010371
4.349450454344774,2.492746603971842,1,51.49279407238048
1.3621174629526,3.642312765730148,4,8.678404084781285
1.4422355006679455,5.687392811245246,1,50.07012572007978
3.9232220551196613,6.559138037230602,2,30.959801728023614
6.573417627509363,5.4060460234921095,3,44.2232463895227
8.202226063466329,5.1660591409092,4,44.69309220439699
9.443376364302289,4.796356981471558,4,43.90126457108368
8.429487665993934,5.017406825338999,3,45.46199594905053
8.580706758557072,7.402436870466165,3,42.55557085575413
8.978087827682778,7.621418563252998,1,44.19618453417304
7.412888595357194,2.473269226053672,3,38.70781583208803
6.503694794525878,3.4809294944436724,3,41.73784552936054
6.755457151329701,5.846539914906141,2,44.39089432264808
6.692561530778924,1.0844824747187993,3,32.28376723206107
4.767400851611019,5.31073212587353,3,42.76342457990072
6.02463981667605,5.006624754263556,4,36.7701718217054
9.299173585235833,2.6260500610148902,1,48.3795662430097
8.366506232403523,3.5870334255940244,2,45.415885993434436
8.614988780986426,6.52023778917755,1,42.691571079104506
6.512587577972538,7.957580402392363,5,42.12318773654606
3.6479345593289896,2.9966059954744635,1,44.060962972100796
8.581537533364898,1.3980943214763268,5,31.518302052985167
5.331490267286425,1.7577198577624835,4,30.99730786851979
5.634399413301808,6.453767643951106,5,36.52049112129046
2.4744758983689374,1.3093737427368337,5,0.293383302531436
5.787305958959212,5.458102113263488,3,39.40310023858341
4.529617937057022,7.15741520591716,2,42.49261959855895
9.915233634009551,7.080125095934255,3,51.279696802243116
4.281346283121527,6.567495146944081,5,36.67185869226108
9.706860800453386,4.390726448054239,1,54.994979786338355
4.596783842893891,6.800085924953697,2,50.07478224595565
7.627204577503198,1.1388925263781422,3,33.150733247549724
5.182041569246309,6.211979397781711,3,51.63062542306985
6.417903698858298,4.894640648960397,5,39.44013491325242
5.206761701175478,7.96642142733789,5,41.242568819048635
2.2782079228868133,1.5250338601905942,3,5.834763222877573
6.319247940301944,6.271558507716593,3,43.176405949880035
7.620550452075979,6.957155611962983,1,56.385134608790175
3.996537837202328,3.27926722621271,1,43.08164363533481
4.8789424790009015,6.130886649623261,4,37.82520985721854
3.357448250129377,1.131469832442405,2,24.35397976333755
6.4475336432906545,5.2898705387678415,4,44.17825049429081
8.94701220633976,5.514472812128807,5,42.69209659233698
4.300370575806981,7.274938993171112,2,44.37198176743248
2.245365879296048,1.4498543017856604,3,7.059188700274269
7.797888951730778,4.9073292311947245,2,43.00994948003118
4.449484779294766,5.333854769674456,3,45.78181465371303
5.533306374278782,7.095799762608662,5,41.96841989141445
6.218088051192716,2.370565972776347,5,25.10981430031418
5.416597579515975,6.947558206931484,4,41.01096684373406
5.0873764070587075,5.587243122439128,1,53.173856363064665
5.776933144696885,6.783329864028923,1,58.949424624738725
1.9521505020019538,3.040978917948463,2,28.358933139775846
7.1622207189215645,6.49407274958749,2,45.639251403679296
7.0571834368744275,4.825001596799888,2,47.03172121067586
8.272731397145012,7.478385696355742,3,44.690615277287456
4.294423179660073,6.487027669687504,3,39.63699799832916
9.803344861810716,5.699878118084899,2,38.92740349857546
6.787907721740781,4.297826670209421,3,40.37643208547681
4.569415139017818,1.5599978341826632,3,29.239811253571037
9.723452434372948,1.9000763867244903,2,36.90907389506816
9.86234840345757,6.652958572445268,2,41.239595459974495
5.503292621363288,4.584965963454435,4,36.332806700288764
4.3858697559211,4.762403585171035,4,34.31817023885296
4.470442173047137,7.550214952833326,4,43.186274846312024
4.387314925368042,1.5303056444359264,3,27.75038089139726
2.6677418063924483,5.1071066377541365,1,48.592873013151284
7.529525447465,3.4379081620830454,4,39.52172393895419
9.35127289149299,6.217368732476219,3,47.111645859697354
7.340810318048801,3.231352839999575,5,38.713835065435234
7.745518793073874,5.260896073864501,1,42.53855824174532
3.7432710405806535,6.804403805265449,3,29.657662596439202
3.0791055288625784,6.88315330796036,5,34.949863391261005
6.9383426131599215,4.194268547576692,1,39.46026824495269
7.357187115001331,3.832173102194527,3,44.63795184748173
4.843799291762247,2.9025410086294663,4,32.081437550293955
9.164255451715178,1.5386208580639273,3,40.00419100090539
5.376718457775747,6.808098430964432,4,42.3971148304372
8.75091627667346,7.438790461441177,3,42.95575174073864
6.9410678571445015,1.8278309892105007,5,28.711662420708606
6.605354518045509,3.4466036687151904,3,41.7880387801757
9.032146846945205,1.5824536262625029,1,42.518392737432805
5.1377816776104055,7.415621946999832,2,48.822848631063856
6.2596567125045235,6.223970392575472,4,40.813729991393835
7.067502202429639,1.21633024953132,2,36.57591065935729
2.3161585725247344,4.198757969658673,3,40.793671163778704
7.337563285803675,3.3314839281465902,2,45.41824537660447
7.63247109588926,5.875486569183904,4,41.73277263979823
3.909223494302707,5.895348931727418,4,42.613186945494476
2.0751469341761775,4.557313360555732,4,30.752848713875057
1.816222897838224,4.4285659914941125,5,15.880857188144551
2.3368961181894394,6.552462106650848,4,30.59248351457433
2.2476115025071777,5.965022010707383,2,46.30592015086474
7.548503682617786,5.226751341853853,1,39.37230700216437
5.88792087129138,4.694177512335681,3,46.795635036884214
7.168182902304104,2.806210069164669,4,34.6315422997246
8.022296955275184,7.882606668276141,5,42.73833343795671
5.799625655049332,6.189524605562025,4,37.2845513143633
9.48051522760228,3.3331425536179697,5,37.68597997787369
1.8632330826146344,2.0075950611423092,2,27.517857204439313
4.116606058801434,6.641666949894061,4,41.266886192628164
8.607740971858163,2.067332476429688,3,44.213585149139824
9.910435813588384,2.9080895853445696,1,49.594532832514794
3.5200719831595393,7.126437256119124,3,39.60886972069849
3.588716234134737,7.286413021929272,3,35.50624625804842
2.151725650047692,1.3784011480780138,3,2.3830851543879525
5.927317847104106,2.4399270851874046,4,32.40408310239155
3.389126764232897,2.2817627442605315,5,7.427082483658177
4.307183200208015,7.830047238750582,4,31.367189241103542
1.2110986348864947,4.174264160895499,3,20.274161089338076
9.59422153246574,1.54076736926674,1,49.05585103154709
4.5535314215413205,1.3491714888767197,1,41.66336475386581
3.3228724263501506,7.675243433214986,3,41.44802048665392
7.313283659673887,1.3377947757271675,2,40.836114435437594
5.700191328341862,3.2506460999300963,2,38.96119005877672
8.283459822913471,7.9048175027745105,2,43.83288986365762
5.95964040609006,1.4529775757871193,4,24.009253386543936
7.865328591123191,7.080330845701371,1,51.44752040255989
3.6841633525155535,7.8479639521587865,1,55.246544783984305
9.288169021220002,6.837937730757657,3,42.892043453808824
8.35789558766404,6.998735688515541,4,44.66353896655845
7.012074236535178,4.228226011724462,5,41.03000344040866
3.4803939988702504,3.3305732210868513,4,32.26750582311975
3.9196665428733377,5.289722304316969,1,45.076529555806516
1.8731412178408577,4.8348949571791024,1,37.899447115435095
8.016867807640653,4.5895435508583,4,48.2137929970852
1.5760632674140393,2.372762002003603,2,19.300382071969597
6.85762622164656,5.649083072420321,3,45.281936364366025
6.366779313657429,5.313150847722267,2,44.739049075449444
7.3287167569305955,7.167519731035404,3,43.81647892436785
6.6431276102696835,6.659809080516857,5,42.117936295372985
6.578881207672132,7.340017075805067,2,43.54878773539591
2.890096846559379,1.3486548300712178,1,40.16359461998879
3.407227272082395,1.768083923029983,1,35.71944783181208
5.27928367627233,5.764071479637289,4,38.71026163482434
5.9716158664973555,1.2726708488741003,3,26.74234048352815
5.1842633262092725,6.957606437367073,3,37.86621462107003
7.658652698547519,1.7295048575218726,3,40.01480223177011
7.86385613835112,7.156827801146899,5,35.248796774357665
1.0702283511730104,4.982320733571923,2,24.85589635133172
9.28159093060449,7.505337356348995,1,48.645908349814306
7.88065871377375,5.664765926457077,4,43.62128301039861
7.188745502689081,3.7911801166791257,4,42.941304853020576
7.461577820840017,2.647827948756553,1,47.06107632025932
5.624400169013448,7.374374505768331,2,39.797552203571094
8.33465901668874,5.937194423110553,4,39.03731624034904
2.57037728701952,1.051351905711217,1,32.703196053891695
6.905148079958137,4.3584616955141655,4,45.0453663056124
2.216662598500107,2.90325992827531,3,26.46125067377571
4.783808316553859,7.983337973047456,3,40.19039751592534
8.272928450750573,5.960491350991886,2,40.32803179601766
8.384943088595199,1.4639100762927368,3,36.3609341552781
8.761464980934932,7.750943255066166,1,41.499659970433456
6.919283863581096,1.9515843114721763,2,39.66789591766651
2.488149187149064,1.2366892103698521,2,15.227262935623871
7.69131353362169,2.6325365974664052,3,42.4760388964034
1.0129659672838152,3.9905205049957106,4,0.9425105574036865
8.451226796120764,4.710404672291984,4,43.70331499432777
5.43831810528755,1.5841207435197884,1,47.51043361600773
3.7912503043831185,6.082366392318815,5,41.04904355523758
6.278292034427448,6.708424637833731,5,38.49198345461214
4.6433263430172325,5.10359653984057,3,41.52210019269383
3.5614177773014837,5.6624020790764416,5,33.21208720037054
3.2723712936579465,6.2780785833325226,1,55.824774697445676
2.3918439315962043,3.221530004914524,2,34.144088872659275
2.426412760543413,3.3771420588475647,3,29.913914349365896
4.018365759654951,5.9524761718075,4,40.15977600277813
1.444640972473258,6.220684051110072,4,27.29471576655573
7.900152112430781,6.296275485809452,3,44.17351324441983
7.813072358384482,7.6627258101055435,2,52.94690993690481
8.535473856275715,5.6901754053568,4,37.94372865472738
7.169183695727495,5.3106202697394504,4,39.8255727290606
4.86474091970849,1.482863369759487,2,33.29350213180858
3.6291203602520357,5.633503400681243,2,45.84255977939067
2.9169189725857523,4.56051355721008,1,49.83324537095588
5.047663554263373,5.248877662161548,5,41.81383516276434
7.898801800676982,6.438886959179837,2,42.960685808226145
3.3556575967930105,6.600315556768491,5,35.963741615713104
9.453801064778858,6.104466594831507,5,35.78367804049505
4.190890752186574,3.1510557517666786,1,42.8019134087816
7.461314401671823,1.3407949277653757,2,38.88512141320599
1.7206650801433079,1.3829533689399856,1,26.842514368002476
9.694121960777856,1.926610344824104,3,40.88609656853051
6.850821396102114,3.3913610867128865,3,37.05212047356351
2.721471664346764,2.498647961313286,4,21.94910283520143
5.01769964545099,6.4682130503714985,5,41.06976622951129
5.232346401145786,1.0778572541075295,1,36.28899452423871
1.2578854579651035,6.4016753096984536,2,36.276368461786504
7.925108368727693,3.7979366872620246,3,41.53138474860099
1.7453585367805593,3.650419670497679,2,36.822892727871285
5.726030916472633,5.393093573723013,1,52.441809831115215
3.847221146653058,2.3799366207216446,1,40.965792551058264
2.659375999032823,2.101899841068216,4,16.113448704338868
6.721688515989498,5.197507071916075,2,49.35977680398093
6.6436912710979925,1.4761469600299968,4,27.438830214706986
2.9492941686437755,4.635238894848279,4,29.368650982077575
2.0669560312176336,7.9135607174887435,5,35.693920932435006
4.672264128554064,5.663978088248406,4,38.62278330026835
6.076121153293453,5.040026158228206,4,35.32184045917797
8.444092982430735,1.235775220251567,1,45.10349041955004
7.650605979989688,6.276829644108245,2,40.11646267467109
7.7983478951737775,7.693397107066241,2,41.875859227638905
5.236334610799974,1.6159144589750676,5,20.943011704421167
3.9622369343458024,2.0973649735980606,1,42.118924104698394
9.488568829789157,6.558999988716089,1,44.480121719951825
2.1024668339818318,5.413537115500091,5,21.436394782107666
5.701157298066593,1.4041124864129881,4,25.560234697655908
2.0290209723996164,3.4036964087387758,1,47.04732299257649
2.2210806616529695,5.191562687534388,2,45.45280727095374
3.1822460049708403,6.275307224017153,4,43.856322203556324
3.330186127467357,6.056537854288262,2,45.91609784692757
7.748644243161184,6.814319442167504,4,39.47165711742773
8.665651613114655,7.38886903063295,4,43.38797748633271
2.1137779658960074,6.632766951399996,2,44.832069120804015
6.489275053322603,3.0192970448521566,3,40.161922996909105
3.582954004829384,1.4204941005187772,3,25.283691422192103
4.348625424768716,3.5826591827078285,2,44.258805862219695
7.996783205410053,6.222088750661734,1,41.0060947425565
8.169300225292766,5.515435939122794,4,42.45445345363351
1.8880990696875037,2.5726697130900282,5,5.30193271087181
8.137794319079777,7.126754905673861,4,50.79013946712682
8.507357586700948,1.0417011721628642,1,49.32617664053993
4.1914090009980995,3.1138963533303805,1,41.208478168260456
9.809190065101237,1.6095641944230668,5,31.301251311513113
9.26248394302695,6.369952758890843,1,46.27591574995022
3.3251377808223808,5.005878213836177,1,49.95176175189734
2.483705244437428,5.778321098444755,5,31.536787053371295
6.7179176446342534,4.154364968029172,4,44.562921303436106
2.8218610992794027,4.515830407835351,5,30.463882001419115
1.3756796433884708,6.946354488597447,4,21.837567702754612
4.7800225587653316,4.7892887709356975,4,39.70852032607744
1.105764289218356,2.1704560665077772,5,0.032637964142785865
7.868346253529039,5.854068044409982,1,32.891660735333915
6.494090776197923,5.01442419801795,3,43.15037946122221
2.6811440727599134,6.20356477458958,1,40.004161519985665
9.946243409274908,7.57135105104668,5,37.317026449500716
6.550483483124562,1.695619761239087,2,41.52897914138354
8.95978252618902,7.371063131552406,4,49.03464131007885
6.925684118570464,6.960504101211074,1,53.73520260739415
3.7966461637877593,2.1773876187569483,1,41.19148300700436
6.029908611840507,3.0470147166790484,5,38.028174814733454
4.339530294086273,3.734307276620267,3,40.594683291425895
1.628773203098503,5.280069913413199,2,44.030222138132316
3.1400852991530797,4.141450177499519,5,29.32942781657781
9.80156934458222,5.639981839208038,3,55.036806506983154
2.880561781381693,3.090463201310943,2,33.43301486344318
1.4439708912403104,1.39576383171728,1,28.353929929127347
9.745904042976298,5.286945694892445,1,52.6892363785541
7.477718181446149,7.644474635996409,1,42.99463793964828
4.410800717148991,2.397920570164267,4,32.4890311452904
9.874954521844616,4.396262063544254,5,44.383136097914885
2.716849737175771,4.278458792198123,3,38.33769557030459
4.942745870626779,7.185523804820226,5,39.61474474150692
5.526690739998724,4.971414347600171,4,41.00755093106777
7.545976703954795,2.349972007588048,1,40.450176098118874
9.986703779565575,7.833577161367373,5,46.509684504516386
3.5866055693334635,7.572071254518229,4,39.05730666761206
4.427315524722986,2.892370057668359,4,28.593389299276073
4.565826081337467,3.5856046557560646,3,34.09170591423721
6.574877674610776,4.392649265663283,5,44.50431060808344
8.344328371340143,4.845837134633893,5,39.720839454111804
3.0187375157108924,2.9928321393671764,5,19.782207239141126
8.56562453948935,2.280531866285661,1,51.03220375188326
2.4366770439481673,4.285262035865225,2,39.19812104191763
7.951964377274268,7.771414490338725,3,47.287326144581456
2.1448550350158966,3.3212276883300382,4,17.647567825495653
4.6013711727698805,3.21903329663468,3,35.90049095393487
2.7717871361622217,1.1956050887664327,3,5.18454300907448
3.5803829468584865,6.687611513918746,2,52.015692566423915
9.471311245169751,5.84819650049482,3,46.5204029702073
5.869572463534753,4.438589770478522,2,41.465814513926716
7.020930860396436,4.722838230716601,2,54.09120586980509
4.842666620695826,3.5252026502715648,2,47.438995712617476
7.166267208957736,4.194354077099103,3,44.811979793931
5.6503299460131275,1.3563905696967598,2,35.28090166065265
1.6093929646720602,1.8160874303357417,5,0.10463174483678485
3.956127787393073,2.6881476635507093,5,26.238529662826558
5.860534132093172,6.946726812813121,2,41.5639133365071
6.612175491859047,7.128905759526832,4,38.41534755903435
1.757076942900499,4.415080842795701,5,17.732090650953637
8.230312613932522,2.4083001597311062,3,37.68352698811167
5.918518510806373,6.035612959694225,2,38.86109645087406
4.84623283724095,7.4301238003113275,2,43.50297578510681
9.017607039027107,3.628061770247349,5,42.4026724640554
3.9672998909631825,4.027868469860245,3,37.56008025660919
4.7271259415417575,5.937997547558238,4,40.25263226431132
2.920500795126678,2.277348111451644,1,39.399757748055926
1.5521809135208453,1.77856547299865,3,7.764414179821221
6.702276759705268,2.6135161064331416,2,43.60407647255894
5.265683034044283,5.2489409087800585,5,38.97864973619481
2.580846193129561,6.280755175490495,5,28.59261205706064
4.456489425802395,2.9974092399685444,4,38.27520107790181
4.196439847428836,6.612623744387406,4,43.122262630736365
7.842245353283276,7.3219909037698825,3,47.49739725824439
8.27305357137806,5.605209949680405,4,47.44869374882735
1.1629262817212913,5.917764690387156,2,28.23203158435497
4.481054761106334,7.479469810864291,2,45.125177649086304
8.563347751159373,6.714537479948388,5,42.174602836127676
6.778885312899739,7.042660868921437,5,42.53042011304261
8.757014279414197,6.941930355308875,3,39.159268572196474
4.725969431984711,1.9749111421877106,3,31.437033328499673
7.9543410517006095,4.289498463547263,2,48.77546778731788
1.533671098256287,7.797066576552614,1,48.70560982841747
8.997265369008959,6.21177512063419,1,51.64371921646374
6.1013354044821915,6.55590114793744,2,51.82109108240163
2.548055546622607,4.215487453344323,2,45.81275036331716
7.485444047972199,1.7331729868254266,2,41.427500799689774
3.9105057513301147,7.5295185329926575,3,34.77190615773304
4.52182062061227,3.702327751615094,2,41.184986920966494
5.933717660807279,4.423885435454224,4,35.783114343189055
1.503441918414329,1.1249296113842244,3,0.32354118008480837
4.797996815198424,3.898767127394278,2,38.482873319460126
1.4504697679277951,5.77095564550889,4,30.181172514519815
8.853090975571995,7.437461105077413,3,47.06738237086157
9.31007101436348,1.312074047651154,5,28.29240766797922
8.991354923064575,5.802053307910613,3,39.91395653899732
8.696842882194668,2.3573483193625795,3,42.54244089732961
4.43789175711033,4.957496026977784,3,41.09243210192422
1.355002883809063,3.7672540423196668,4,12.078127114423685
1.224216074508818,7.39696927188953,3,14.245253269713317
7.702595244351373,7.791196804033104,1,34.07988552444325
8.578757320233315,4.252894422101276,2,40.92082598841074
3.055722808816253,5.095681737865741,1,44.51363295194471
3.6092447967538743,1.187379455876104,4,2.6857090284863334
4.531208363234613,1.5464523134183739,3,30.354052507686426
7.545924599413518,5.83295819733026,1,46.82132348074355
4.217544033099674,4.608787160697632,5,40.64524014459379
6.5366130116238015,1.7182757397701645,2,40.493082493151185
6.149351869178692,3.563444010489821,1,43.546630337264624
7.855619103067049,3.1707095071192537,3,36.66860227255852
3.8017729721325058,7.1110716673102745,4,32.8700172262904
6.290249182650487,3.7776921555930243,1,47.55795312592359
5.881382740339296,5.3316264434706095,2,44.63731870941284
2.0412951801220105,3.0476564035506986,3,18.098380036847125
4.720031760974955,7.801224558887482,1,56.64261846394174
1.5134570438281063,6.713016228483032,1,45.71039693536205
7.996795906833309,5.391036097688293,2,48.08051379721362
7.241749219045828,5.139639518259185,3,41.22263821899381
6.481739348837288,2.7758514637649787,2,40.9996869885051
2.377627910243985,1.1638144311395242,1,26.55861834092996
2.876802354270244,7.637908267115764,2,45.643926736854226
3.5011228112244486,7.24430015898045,4,40.70418044528502
7.67370864041017,6.168576557964997,4,43.428776569190596
3.720832104185779,4.574433584921243,1,44.12829379784243
5.06913374556565,7.601428489475658,1,40.16246581231188
7.922750438804538,1.0189912042045828,1,41.267692392450265
4.216146215206606,2.1822458972172285,3,29.647601327934055
2.9405612123783627,4.19592828609908,1,37.849741495473886
6.1240251896895455,5.87582676840583,4,40.59309928915945
4.407238413437388,7.011738711005797,1,43.55533508440393
8.159061576115768,3.3395731362388803,1,45.064552742055525
6.877767035888561,1.6311241044738494,3,31.393347664244708
2.7106732887385214,7.964328954941862,5,36.272738407042915
3.9443788280051395,6.462798100607381,4,35.73396857960718
4.2425467182214796,4.997557633525979,1,41.621057681554575
6.038709460097251,4.788673772890579,1,48.91754158233298
2.6105379204096484,7.648066342063067,4,35.76372630260195
9.695255791011752,4.979788620556519,1,45.76710964550357
8.598799142097374,7.814121767479486,3,44.6455092849319
4.090529442156401,6.011119675714366,3,38.747173676762245
1.9530929583908172,1.9432807483277263,2,20.857303030358434
9.030632338044724,1.359075727660231,3,35.02508737402628
4.494883285726795,6.691987303021251,2,49.92910361583627
8.789553104578193,2.706877655809053,5,36.95306833519859
7.766373940858303,6.869251710423177,2,49.65386249834836
8.736456220182204,1.3055192404199025,4,31.149510977582388
2.803652605025434,6.426322926912226,1,53.46739902427949
3.734841461911016,4.014531638273484,3,33.86061714399985
1.3341968552914656,6.52708476415321,4,23.18287008651213
3.422843021867821,1.7455402260890431,1,39.083453655709164
1.7437533743953675,4.65688671180738,1,35.47978397025792
6.66738976308197,4.583391128008445,4,41.840560557879165
3.526283129914625,1.147861901983667,4,5.3191414897713605
9.299996994847238,3.122141211779746,4,44.24698901362757
6.02542488005982,3.1742772606038545,1,48.48460531151664
9.539255220510197,1.1232960987415397,1,45.78198609402756
2.544830797521081,1.179341976458451,3,4.692981733436381
9.541747465700468,2.754708207934503,4,37.0135623889521
1.7234637630596412,4.848179023708559,5,15.384695771984603
6.106404237277467,7.511626138595554,4,41.37773616800914
3.695456148021228,6.480828261275456,1,39.6496872072043
1.2965833337685737,1.6826890696033252,3,0.805892420865577
4.994002420080668,4.984212260934259,4,41.13308482949166
8.261954156303474,3.970815115570063,5,45.5249617271426
1.6362231951866315,7.0555773047791055,3,32.62316953126037
6.254537759108275,4.219390853746804,1,41.15548633866212
9.555398651362111,7.447665065684693,4,43.78386781755077
5.037319957322873,6.830614463475664,2,51.89701265918338
1.6676930360983524,6.138248326680732,1,50.95415342125485
2.978155217352626,3.0459070762035383,4,24.722493613175722
9.725639227313046,2.9267416348746775,2,42.97496921514629
7.663785006075996,4.784817867723596,3,40.853276177195724
9.324338040038803,4.633968635059277,5,41.672090847480426
6.911264893411866,1.2517987006722429,1,44.738815495656
7.922872641948432,6.040347368671333,4,46.610382719232625
4.890564265665908,4.527018120775826,1,52.886574889333104
7.980988270516148,7.58451801468972,3,43.500269496687274
5.0318601789614705,5.303199593688657,1,45.610123651828616
5.8944298002192586,4.656803771708692,2,42.98596139338476
2.893198203604669,1.4152316551714326,1,32.47125713866166
1.8338594414807483,3.8116929251659437,3,29.50643186465024
5.305279851740655,2.4035048349323787,2,39.068983784475265
5.041007194584594,4.656048670975626,3,40.60388651794615
5.188925414906859,6.926338038162044,4,40.80449720869366
3.33373825677096,3.2546054695463047,3,32.535401021596904
5.4977522452798375,6.378303533172474,1,27.76504189153447
6.9702981909117945,1.3866969016797523,2,39.52909055506953
3.203390367018769,7.065853442217632,1,38.967423339418374
7.14609152708039,2.1323888986583506,5,31.634682782360333
9.411823617704453,1.9727203712372046,5,35.344147744186
7.755433315196283,5.410405827382522,5,41.43147186139329
8.534440732970314,4.685943727252013,3,44.13968203137084
2.004866916561323,2.941838991113015,3,23.06382261800278
4.386518300496073,3.9039026626059936,1,39.684632930309185
5.866478932852696,4.109968139674091,2,52.80894432861186
3.9173267868075072,7.32140054764215,3,37.993085133894084
4.997493346947696,7.5466790451602455,5,35.63222208515547
1.6883892232256636,3.8068572982442355,2,38.84236050778872
8.94263052867322,3.4142920736403948,3,36.57770736032035
2.502122808138868,7.133314135884285,4,36.76263709189405
8.935004183527365,7.4706357298179125,4,44.13243661572431
6.090939661259653,4.856232560483567,1,42.03544170325196
2.7048596413447434,2.1279025538413907,1,34.92120083878623
4.12791236190077,7.060043003149717,1,38.15707890953995
6.94060822559996,2.905342381769074,2,43.24680684947014
8.538600594455893,3.479429166386774,1,45.70949782019206
7.915254455030176,4.242933002108679,3,43.39751026568826
5.276341019370728,2.2014212283251147,4,32.80795159874451
4.257137736957182,5.193983894095937,5,39.087492508941715
3.1961262348508406,1.3921266536513515,1,45.05544017393479
9.161027847746785,2.478469103907507,3,44.643118823474744
1.4403402715059668,7.710781859021218,2,32.27517674749843
9.377003357806817,7.190220500455146,1,48.50620071326891
6.843633084452333,3.0522638500949917,1,34.629605347722645
1.0641137062550783,3.980626772794264,2,24.907035415032112
4.518163365478893,2.1594407006520515,5,25.434202876608882
9.788986911261423,4.3846346265328835,1,43.94399952470926
1.6374174200501135,7.340312567784048,3,25.81528187700787
2.173196766876564,7.884641115458068,4,35.232757905495575
5.582449247169485,7.9612115949372635,5,40.08398346278316
6.236925684452218,2.07183810327863,5,30.633646467092433
7.672629072038959,2.9271877028227427,2,44.50733168121573
9.050396347666549,2.981698337490808,1,48.49123808234167
4.312007181677201,2.6689878191054133,4,32.9602860159086
5.326081074861084,2.330388610227555,2,38.67300713454564
1.2847944650264618,2.7909419797075525,5,0.3943680711209944
2.6816231625022535,6.499547360607802,5,34.461847785742684
3.178515295256917,2.7815608204833318,2,39.57724951134724
6.04383742367529,4.517836075451257,5,37.94362378281688
5.320560811058731,1.936514071700929,4,29.768942600474062
9.703868148410274,3.832467452775422,3,42.873715775719035
6.21949960023591,1.5854282404269886,5,26.2626900775001
2.1685736220573055,5.918125472579318,5,29.191092615659226
5.147071389623363,7.232103251036685,3,41.71022277778563
6.459351818073406,2.9492934963475177,4,44.34932383439761
8.220134917830874,7.055131602976274,2,53.00218357317919
5.568812547276903,4.398946533020439,3,45.27133975774298
8.553069183046127,5.831101025197061,4,41.90602335092045
5.551713997205247,5.636279837511255,1,53.5158402648517
2.893655722438075,4.2136332472083025,5,30.18932297644748
7.097962967574312,7.918519435726029,4,43.31170309102766
7.1819259997303035,6.075059202359482,3,42.77123266104258
7.604519356236251,2.2024036289509947,4,34.502628229693286
9.757803446808769,1.0285772724701934,2,39.57529528087174
5.4258470586024465,3.6531738157255678,5,35.41499770440192
2.4214397276395525,4.30841488864899,1,34.93298219045125
8.48201204823215,5.965469105854895,5,38.2243680379012
9.15561413551247,6.772847014104169,5,44.19477213926784
5.174835297812953,7.056237567414158,4,43.650830749193474
7.1696524287830306,7.701845903949504,3,35.05832315184502
9.218818546599676,5.18507757373296,1,47.15382685401339
8.246768239768748,7.042839328308517,3,42.145734651811296
7.713649748647988,4.816352258707833,1,43.18616875167585
6.214735007331577,5.299485875230264,2,43.60963341852857
3.005959130461167,1.4643885524479976,3,15.921529501724713
1.0910284270999746,3.201159040264071,5,0.12778446087776216
4.128475343913182,4.187139095763778,5,36.80828568622027
6.14737813085636,6.672164589143253,5,43.217527248766
6.489162226416514,5.710394347200111,5,44.08567636055551
5.442427185765801,3.4641843297282655,1,52.59486404730567
2.8916038432538436,5.873041766607953,4,30.2185513825016
1.829761747456299,5.146611372543456,5,18.021048018291438
7.051044066862423,7.976409500135557,2,45.59593364376113
6.403181040083514,1.3867979956545926,3,23.943095299787398
9.156385140690663,5.621012406764827,5,42.37745462601822
1.335869234646069,4.529261560468731,4,17.301742498781174
4.265319849126296,4.409630900878608,3,44.68175625022299
6.858478331916547,3.906663213203224,2,47.69829417525598
4.036285410305669,5.417522321584585,1,33.982731609481725
8.381778628844861,2.6820368789198854,5,39.46388988168096
6.798301980553272,5.849754586379988,1,41.751313322964755
9.60058787627907,7.239017437489619,1,57.6584261004097
8.257277704269129,4.005740249101956,1,45.52313484886176
9.92389922841826,2.4522010658125017,2,49.698815418260786
6.189901917892969,4.286059426179675,5,40.92223302208088
4.473553590582398,3.4362798768516267,2,39.68830602726076
6.911234917292368,4.533977753122113,5,37.27164907505892
3.318171704162334,3.8695260176046986,4,32.901376057274035
6.650614354907381,1.1914300326163412,3,30.851081956835607
4.213731946757508,3.3129115138342358,1,48.74765888751713
9.043094948615295,2.657235529328574,4,39.369219382472366
3.593936222723896,7.828872776620682,5,38.87707692314503
1.203242943990511,2.7458582959980857,3,1.8569488515302413
5.539653752718582,7.979435181459969,2,45.13228246702793
5.461776523720612,4.517406975409873,4,45.61788590549298
2.8109699913965964,6.8296812261799476,4,34.87521746129738
9.618633507985262,5.716314938700885,3,52.564237514533126
1.1652300075453068,3.0292301973753215,3,5.746400734746454
1.482536564726688,1.8832111295381324,3,1.0389981284431375
3.0170721952700874,7.767528975485091,2,32.377570755993695
2.271044838393445,7.603044979497993,2,44.700942945972265
4.3393002151816935,5.524774134938565,4,38.785911283597216
2.0349524594238764,1.149326726300655,5,0.02624326824317651
8.278109812871723,2.4125432241351428,3,42.39187865763543
8.94102552880177,3.016192607109432,4,41.45006154898906
6.157706944105211,6.715153905633243,4,34.999555853356775
1.4357583887659309,3.1890056523740937,5,0.8296773802295556
7.472937261396661,2.264600359911258,5,37.65672547630533
2.8118565995315477,4.160524064596716,4,33.78886212022375
6.35790859485854,2.9321860679147957,4,30.3045635814621
1.5581876172391143,5.977399219204269,4,29.88142802106017
9.811846833598118,2.9201995100226408,1,38.22445668977056
7.313081931617576,1.4730839475490851,3,36.39948275138652
4.074794234850319,6.798930369191833,3,35.72024001661282
3.7437745219287177,2.6181111489349487,2,38.98097097458702
5.673097615615886,6.650496335306512,5,41.41579813152037
4.9023004254698375,4.365223494055449,2,47.28337151814789
4.796568501348016,3.0155754867596523,1,44.771695197098445
6.445148095330908,7.6819653881906875,5,35.91012126535715
8.759175633569683,7.34194159806762,1,43.91311337304315
3.2155247017187314,5.690804844211775,5,31.473688158905265
2.864369222120191,6.798654524722282,1,39.57936128255254
8.676329097607269,6.355345462514572,3,47.484947902570724
9.676761692607922,5.759028797535839,4,42.604218357943296
9.633811236297609,3.7373281956565787,1,48.009407645549395
3.3246503386748785,7.746771120391761,4,36.510623931571104
4.294834550039868,1.2713157066226253,1,38.7182736186314
